track_name,title,artist,album,bpm,genre,duration,extension,full_file_name
"1998 - Autoflower, Beau De Wit (Original Mix) 137","Autoflower, Beau De Wit (Original Mix) 137",1998,,137,,05:32,.mp3,"1998 - Autoflower, Beau De Wit (Original Mix) 137.mp3"
1998 - Osccurate (Boudi Remix) 134,Osccurate (Boudi Remix) 134,1998,,134,,06:57,.mp3,1998 - Osccurate (Boudi Remix) 134.mp3
"52 - Dsl - Tracid, Koal 53 (Original Mix) 145","Dsl - Tracid, Koal 53 (Original Mix) 145",52,,145,,06:12,.mp3,"52 - Dsl - Tracid, Koal 53 (Original Mix) 145.mp3"
A.O.P 17 - Hibziak (Original Mix) 140,Hibziak (Original Mix) 140,A.O.P 17,,140,,06:04,.mp3,A.O.P 17 - Hibziak (Original Mix) 140.mp3
Acid Is My Dna - Close Proximity (Original Mix) 135,Close Proximity (Original Mix) 135,Acid Is My Dna,,135,,06:13,.mp3,Acid Is My Dna - Close Proximity (Original Mix) 135.mp3
Adonis Blue - Aiden Francis (Original Mix) 135,Aiden Francis (Original Mix) 135,Adonis Blue,,135,,06:15,.mp3,Adonis Blue - Aiden Francis (Original Mix) 135.mp3
Airy Dance - Sole Dosi (Original Mix) 150,Sole Dosi (Original Mix) 150,Airy Dance,,150,,06:00,.mp3,Airy Dance - Sole Dosi (Original Mix) 150.mp3
Amber - Natious (Sioc Remix) 150,Natious (Sioc Remix) 150,Amber,,150,,06:43,.mp3,Amber - Natious (Sioc Remix) 150.mp3
Ambicious - Gzardin (Original Mix) 134,Gzardin (Original Mix) 134,Ambicious,,134,,07:08,.mp3,Ambicious - Gzardin (Original Mix) 134.mp3
Ankasa - Shoal (Original Mix) 132,Shoal (Original Mix) 132,Ankasa,,132,,07:25,.mp3,Ankasa - Shoal (Original Mix) 132.mp3
Annica - Narel (A Song For Matt) 150,Narel (A Song For Matt) 150,Annica,,150,,08:35,.mp3,Annica - Narel (A Song For Matt) 150.mp3
Cafe Candente - Joshua Alòs (Original Mix) 145,Joshua Alòs (Original Mix) 145,Cafe Candente,,145,,04:24,.mp3,Cafe Candente - Joshua Alòs (Original Mix) 145.mp3
Callisto - Phasmid (Original Mix) 93,Phasmid (Original Mix) 93,Callisto,,93,,07:22,.mp3,Callisto - Phasmid (Original Mix) 93.mp3
"Check Out That - Yikes (Dj Pgz Rewind Yourself Mix, Corey Kikos Edit) 138","Yikes (Dj Pgz Rewind Yourself Mix, Corey Kikos Edit) 138",Check Out That,,138,,04:44,.mp3,"Check Out That - Yikes (Dj Pgz Rewind Yourself Mix, Corey Kikos Edit) 138.mp3"
Clarion - Super-Frog Saves Tokyo (Original Mix) 132,Super-Frog Saves Tokyo (Original Mix) 132,Clarion,,132,,08:43,.mp3,Clarion - Super-Frog Saves Tokyo (Original Mix) 132.mp3
Con La Mujer - Olympe4000 (Original Mix) 140,Olympe4000 (Original Mix) 140,Con La Mujer,,140,,04:56,.mp3,Con La Mujer - Olympe4000 (Original Mix) 140.mp3
"Condenser - Patrick Holland, Jump Source, Priori, Sabola (Original Mix) 93","Patrick Holland, Jump Source, Priori, Sabola (Original Mix) 93",Condenser,,93,,06:00,.mp3,"Condenser - Patrick Holland, Jump Source, Priori, Sabola (Original Mix) 93.mp3"
Cruel Intentions - Pernox (Alpha Tracks Remix) 144,Pernox (Alpha Tracks Remix) 144,Cruel Intentions,,144,,12:51,.mp3,Cruel Intentions - Pernox (Alpha Tracks Remix) 144.mp3
Dancing With The Avatars - Nickon Faith (Original Mix) 132,Nickon Faith (Original Mix) 132,Dancing With The Avatars,,132,,05:58,.mp3,Dancing With The Avatars - Nickon Faith (Original Mix) 132.mp3
De Parture - Alpha Tracks (Original Mix) 151,Alpha Tracks (Original Mix) 151,De Parture,,151,,07:12,.mp3,De Parture - Alpha Tracks (Original Mix) 151.mp3
Dimension - Autoflower (Original Mix) 130,Autoflower (Original Mix) 130,Dimension,,130,,05:04,.mp3,Dimension - Autoflower (Original Mix) 130.mp3
Dolphin Dreams - Dj Cøsmic Dream (Extended) 140,Dj Cøsmic Dream (Extended) 140,Dolphin Dreams,,140,,05:34,.mp3,Dolphin Dreams - Dj Cøsmic Dream (Extended) 140.mp3
Duplicity - Otto K (Inside Blur Remix) 155,Otto K (Inside Blur Remix) 155,Duplicity,,155,,09:05,.mp3,Duplicity - Otto K (Inside Blur Remix) 155.mp3
Echoes 6 - Vridian (Original Mix) 132,Vridian (Original Mix) 132,Echoes 6,,132,,05:53,.mp3,Echoes 6 - Vridian (Original Mix) 132.mp3
Ecstatic Pulse - Pascal Hetzel (Original Mix) 141,Pascal Hetzel (Original Mix) 141,Ecstatic Pulse,,141,,06:23,.mp3,Ecstatic Pulse - Pascal Hetzel (Original Mix) 141.mp3
Elysian Fields - Dreamcast (Original Mix) 130,Dreamcast (Original Mix) 130,Elysian Fields,,130,,07:12,.mp3,Elysian Fields - Dreamcast (Original Mix) 130.mp3
Endless Destinations - Close Proximity (Original Mix) 134,Close Proximity (Original Mix) 134,Endless Destinations,,134,,06:00,.mp3,Endless Destinations - Close Proximity (Original Mix) 134.mp3
Endless Devotion - Selective Response (Original Mix) 144,Selective Response (Original Mix) 144,Endless Devotion,,144,,06:43,.mp3,Endless Devotion - Selective Response (Original Mix) 144.mp3
"Energy - Sam Alfred, Newtone (Nl) (Original Mix) 143","Sam Alfred, Newtone (Nl) (Original Mix) 143",Energy,,143,,05:22,.mp3,"Energy - Sam Alfred, Newtone (Nl) (Original Mix) 143.mp3"
Floating In Youphoria - Maude Vôs (Original Mix) 139,Maude Vôs (Original Mix) 139,Floating In Youphoria,,139,,04:37,.mp3,Floating In Youphoria - Maude Vôs (Original Mix) 139.mp3
Folded Realm - Inner Zone (Kohra Remix) 137,Inner Zone (Kohra Remix) 137,Folded Realm,,137,,06:39,.mp3,Folded Realm - Inner Zone (Kohra Remix) 137.mp3
Fractal Senses - Drakhen (Original Mix) 143,Drakhen (Original Mix) 143,Fractal Senses,,143,,05:52,.mp3,Fractal Senses - Drakhen (Original Mix) 143.mp3
Fragments - Introspecto (Original Mix) 128,Introspecto (Original Mix) 128,Fragments,,128,,07:39,.mp3,Fragments - Introspecto (Original Mix) 128.mp3
Gamma - Immateri (Plaza Remix) 150,Immateri (Plaza Remix) 150,Gamma,,150,,08:34,.mp3,Gamma - Immateri (Plaza Remix) 150.mp3
Gone - Long Island Sound (Original Mix) 137,Long Island Sound (Original Mix) 137,Gone,,137,,05:02,.mp3,Gone - Long Island Sound (Original Mix) 137.mp3
High Priestesses (Neo Trance) - Oona Dahl (Neo Trance) 147,Oona Dahl (Neo Trance) 147,High Priestesses (Neo Trance),,147,,06:28,.mp3,High Priestesses (Neo Trance) - Oona Dahl (Neo Trance) 147.mp3
Human Nature - Anastasia Zems (Original Mix) 143,Anastasia Zems (Original Mix) 143,Human Nature,,143,,05:02,.mp3,Human Nature - Anastasia Zems (Original Mix) 143.mp3
"Humanizer - Cadence, Curiosity Pill (Original Mix) 150","Cadence, Curiosity Pill (Original Mix) 150",Humanizer,,150,,06:15,.mp3,"Humanizer - Cadence, Curiosity Pill (Original Mix) 150.mp3"
I Know - Wigs (Match Box Remix) 143,Wigs (Match Box Remix) 143,I Know,,143,,06:10,.mp3,I Know - Wigs (Match Box Remix) 143.mp3
If You Were Also Here - Gaston Fiore (Original Mix) 156,Gaston Fiore (Original Mix) 156,If You Were Also Here,,156,,06:25,.mp3,If You Were Also Here - Gaston Fiore (Original Mix) 156.mp3
Inhabited Island - Otto K (Lawn Jarre Club Mix) 104,Otto K (Lawn Jarre Club Mix) 104,Inhabited Island,,104,,06:13,.mp3,Inhabited Island - Otto K (Lawn Jarre Club Mix) 104.mp3
Interplanetary Fugitives - Ness (Hydrous Remix) 130,Ness (Hydrous Remix) 130,Interplanetary Fugitives,,130,,07:28,.mp3,Interplanetary Fugitives - Ness (Hydrous Remix) 130.mp3
"It Could Be Us - Rev, Curiosity Pill, Sonia Michigan (Original Mix) 98","Rev, Curiosity Pill, Sonia Michigan (Original Mix) 98",It Could Be Us,,98,,05:44,.mp3,"It Could Be Us - Rev, Curiosity Pill, Sonia Michigan (Original Mix) 98.mp3"
Kaleidoscope Skies - Coredata (Extended Mix) 132,Coredata (Extended Mix) 132,Kaleidoscope Skies,,132,,08:00,.mp3,Kaleidoscope Skies - Coredata (Extended Mix) 132.mp3
Kaskade - Schiela (Abdul Raeva Remix) 134,Schiela (Abdul Raeva Remix) 134,Kaskade,,134,,07:08,.mp3,Kaskade - Schiela (Abdul Raeva Remix) 134.mp3
Late Nite Visions - Wigs (Original Mix) 136,Wigs (Original Mix) 136,Late Nite Visions,,136,,05:45,.mp3,Late Nite Visions - Wigs (Original Mix) 136.mp3
Lichtblick - Ost Fox (Original Mix) 135,Ost Fox (Original Mix) 135,Lichtblick,,135,,06:57,.mp3,Lichtblick - Ost Fox (Original Mix) 135.mp3
Like A Plucked Flower - Ness (Mikkel Rev Remix) 136,Ness (Mikkel Rev Remix) 136,Like A Plucked Flower,,136,,06:50,.mp3,Like A Plucked Flower - Ness (Mikkel Rev Remix) 136.mp3
Love Colours - Nickon Faith (Original Mix) 137,Nickon Faith (Original Mix) 137,Love Colours,,137,,06:11,.mp3,Love Colours - Nickon Faith (Original Mix) 137.mp3
Makineta - Asphalt Dj (Original Mix) 142,Asphalt Dj (Original Mix) 142,Makineta,,142,,06:52,.mp3,Makineta - Asphalt Dj (Original Mix) 142.mp3
Mastermind - Andy Garvey (Al Dente Remix) 140,Andy Garvey (Al Dente Remix) 140,Mastermind,,140,,06:26,.mp3,Mastermind - Andy Garvey (Al Dente Remix) 140.mp3
Metamorphis - Skywalka (Original Mix) 145,Skywalka (Original Mix) 145,Metamorphis,,145,,07:33,.mp3,Metamorphis - Skywalka (Original Mix) 145.mp3
Metamorphose - Guacamoe (Original Mix) 160,Guacamoe (Original Mix) 160,Metamorphose,,160,,04:44,.mp3,Metamorphose - Guacamoe (Original Mix) 160.mp3
Midnight Mauler - 8-Bit Culprit (Original Mix) 142,8-Bit Culprit (Original Mix) 142,Midnight Mauler,,142,,05:55,.mp3,Midnight Mauler - 8-Bit Culprit (Original Mix) 142.mp3
Need Oxygen - Wvchwy (Original Mix) 148,Wvchwy (Original Mix) 148,Need Oxygen,,148,,04:47,.mp3,Need Oxygen - Wvchwy (Original Mix) 148.mp3
Networks - Rowant (Original Mix) 135,Rowant (Original Mix) 135,Networks,,135,,05:01,.mp3,Networks - Rowant (Original Mix) 135.mp3
Neural Nectar - Adam Pits (Original) 133,Adam Pits (Original) 133,Neural Nectar,,133,,07:54,.mp3,Neural Nectar - Adam Pits (Original) 133.mp3
Nur - Liasis (Original Mix) 106,Liasis (Original Mix) 106,Nur,,106,,07:22,.mp3,Nur - Liasis (Original Mix) 106.mp3
Ocean Blue - Hoopoe (Original Mix) 128,Hoopoe (Original Mix) 128,Ocean Blue,,128,,09:46,.mp3,Ocean Blue - Hoopoe (Original Mix) 128.mp3
One More - Human Trax (Original Mix) 150,Human Trax (Original Mix) 150,One More,,150,,05:39,.mp3,One More - Human Trax (Original Mix) 150.mp3
Orbit Breaker - Azo (Original Mix) 138,Azo (Original Mix) 138,Orbit Breaker,,138,,05:39,.mp3,Orbit Breaker - Azo (Original Mix) 138.mp3
Outlander - Activa (Mac & Monday Extended Deep Mix) 134,Activa (Mac & Monday Extended Deep Mix) 134,Outlander,,134,,07:17,.mp3,Outlander - Activa (Mac & Monday Extended Deep Mix) 134.mp3
Outside - Bliss Inc. (Original Mix) 131,Bliss Inc. (Original Mix) 131,Outside,,131,,06:24,.mp3,Outside - Bliss Inc. (Original Mix) 131.mp3
Pacific 98 - Wigs (Original Mix) 135,Wigs (Original Mix) 135,Pacific 98,,135,,06:17,.mp3,Pacific 98 - Wigs (Original Mix) 135.mp3
Paradise Sami - Treasure Island (Bliss Inc. Remix) 134,Treasure Island (Bliss Inc. Remix) 134,Paradise Sami,,134,,06:43,.mp3,Paradise Sami - Treasure Island (Bliss Inc. Remix) 134.mp3
Perfect Motion - Rise And Fall (Dub Mix) 120,Rise And Fall (Dub Mix) 120,Perfect Motion,,120,,07:29,.mp3,Perfect Motion - Rise And Fall (Dub Mix) 120.mp3
Planet Unreal - Bliss Inc (Original Mix) 138,Bliss Inc (Original Mix) 138,Planet Unreal,,138,,07:40,.mp3,Planet Unreal - Bliss Inc (Original Mix) 138.mp3
Preguntá - Conrado Stein (Original Mix) 142,Conrado Stein (Original Mix) 142,Preguntá,,142,,05:28,.mp3,Preguntá - Conrado Stein (Original Mix) 142.mp3
Refractor - Pire Meilleur (Original Mix) 146,Pire Meilleur (Original Mix) 146,Refractor,,146,,07:09,.mp3,Refractor - Pire Meilleur (Original Mix) 146.mp3
"Remember Me, I'll Remember You - Nomas (Original Mix) 140",Nomas (Original Mix) 140,"Remember Me, I'll Remember You",,140,,07:52,.mp3,"Remember Me, I'll Remember You - Nomas (Original Mix) 140.mp3"
Rotonda - Autoflower (Original Mix) 134,Autoflower (Original Mix) 134,Rotonda,,134,,06:01,.mp3,Rotonda - Autoflower (Original Mix) 134.mp3
Scottish Piano - Tre Turner (Close Proximity Trance Mix) 135,Tre Turner (Close Proximity Trance Mix) 135,Scottish Piano,,135,,05:41,.mp3,Scottish Piano - Tre Turner (Close Proximity Trance Mix) 135.mp3
Second Self - Keistep (Original Mix) 130,Keistep (Original Mix) 130,Second Self,,130,,07:10,.mp3,Second Self - Keistep (Original Mix) 130.mp3
"Signals In Movement - Audrey Danza, Andrea Dama (Original) 137","Audrey Danza, Andrea Dama (Original) 137",Signals In Movement,,137,,07:10,.mp3,"Signals In Movement - Audrey Danza, Andrea Dama (Original) 137.mp3"
"Simplexio - Diego Montiel, Elfenberg (Elfenberg Remix) 133","Diego Montiel, Elfenberg (Elfenberg Remix) 133",Simplexio,,133,,05:21,.mp3,"Simplexio - Diego Montiel, Elfenberg (Elfenberg Remix) 133.mp3"
"So Cool - Younger Than Me, Maruwa (Original Mix) 139","Younger Than Me, Maruwa (Original Mix) 139",So Cool,,139,,05:17,.mp3,"So Cool - Younger Than Me, Maruwa (Original Mix) 139.mp3"
Space To Come - Ayu (Maara Remix) 140,Ayu (Maara Remix) 140,Space To Come,,140,,06:37,.mp3,Space To Come - Ayu (Maara Remix) 140.mp3
Speed Train - Jimi Python (Extended Mix) 130,Jimi Python (Extended Mix) 130,Speed Train,,130,,06:40,.mp3,Speed Train - Jimi Python (Extended Mix) 130.mp3
Storm - B From E (Original Mix) 140,B From E (Original Mix) 140,Storm,,140,,06:32,.mp3,Storm - B From E (Original Mix) 140.mp3
Stunnalina - Aiden Francis (Original Mix) 136,Aiden Francis (Original Mix) 136,Stunnalina,,136,,05:44,.mp3,Stunnalina - Aiden Francis (Original Mix) 136.mp3
Symphonic Dance - Hotpretty (Original Mix) 132,Hotpretty (Original Mix) 132,Symphonic Dance,,132,,05:55,.mp3,Symphonic Dance - Hotpretty (Original Mix) 132.mp3
T-Minus - Body Clinic (Original Mix) 136,Body Clinic (Original Mix) 136,T-Minus,,136,,06:39,.mp3,T-Minus - Body Clinic (Original Mix) 136.mp3
Tears Of Duduk - Some1 (Original Mix) 142,Some1 (Original Mix) 142,Tears Of Duduk,,142,,08:50,.mp3,Tears Of Duduk - Some1 (Original Mix) 142.mp3
Teralyn - Terminal Sync (Original Mix) 140,Terminal Sync (Original Mix) 140,Teralyn,,140,,05:36,.mp3,Teralyn - Terminal Sync (Original Mix) 140.mp3
Terraformer - Atlas (Original Mix) 132,Atlas (Original Mix) 132,Terraformer,,132,,07:21,.mp3,Terraformer - Atlas (Original Mix) 132.mp3
"The Fusion - Ovnimoon, Hedustma (Original Mix) 125","Ovnimoon, Hedustma (Original Mix) 125",The Fusion,,125,,09:32,.mp3,"The Fusion - Ovnimoon, Hedustma (Original Mix) 125.mp3"
The Journey - Project Alpha (Deco 5000 Endless Dream Mix) 150,Project Alpha (Deco 5000 Endless Dream Mix) 150,The Journey,,150,,09:03,.mp3,The Journey - Project Alpha (Deco 5000 Endless Dream Mix) 150.mp3
The Moons Of Creation - Spirit Project (Original Mix) 140,Spirit Project (Original Mix) 140,The Moons Of Creation,,140,,08:11,.mp3,The Moons Of Creation - Spirit Project (Original Mix) 140.mp3
The Night Everything Happened - Alvar (Original Mix) 129,Alvar (Original Mix) 129,The Night Everything Happened,,129,,06:56,.mp3,The Night Everything Happened - Alvar (Original Mix) 129.mp3
Tisno Tango - Ysanne (Original Mix) 135,Ysanne (Original Mix) 135,Tisno Tango,,135,,05:27,.mp3,Tisno Tango - Ysanne (Original Mix) 135.mp3
"Traffic - Joker Jam, Danccer (Sunset Mix) 132","Joker Jam, Danccer (Sunset Mix) 132",Traffic,,132,,13:51,.mp3,"Traffic - Joker Jam, Danccer (Sunset Mix) 132.mp3"
Unforgiven Hope - Samoh (Original Mix) 147,Samoh (Original Mix) 147,Unforgiven Hope,,147,,05:33,.mp3,Unforgiven Hope - Samoh (Original Mix) 147.mp3
Unnecessary Attitude - Basil O'glue (Nomas Remix) 136,Basil O'glue (Nomas Remix) 136,Unnecessary Attitude,,136,,06:49,.mp3,Unnecessary Attitude - Basil O'glue (Nomas Remix) 136.mp3
Unseen Between A Million Eyes - Nomas (Original Mix) 138,Nomas (Original Mix) 138,Unseen Between A Million Eyes,,138,,06:09,.mp3,Unseen Between A Million Eyes - Nomas (Original Mix) 138.mp3
Usotsuki - Zeshin (Original Mix) 150,Zeshin (Original Mix) 150,Usotsuki,,150,,04:11,.mp3,Usotsuki - Zeshin (Original Mix) 150.mp3
Want U - Close Proximity (Cybernet's Acid Remix) 142,Close Proximity (Cybernet's Acid Remix) 142,Want U,,142,,06:38,.mp3,Want U - Close Proximity (Cybernet's Acid Remix) 142.mp3
"Wavefolding Dreams - Monophonik, Kohra (Original) 142","Monophonik, Kohra (Original) 142",Wavefolding Dreams,,142,,07:46,.mp3,"Wavefolding Dreams - Monophonik, Kohra (Original) 142.mp3"
Whispers - Spacer Woman (Original Mix) 140,Spacer Woman (Original Mix) 140,Whispers,,140,,05:59,.mp3,Whispers - Spacer Woman (Original Mix) 140.mp3
